line,stationno,stationname,x,y
地铁1号线(四惠东-苹果园),1,四惠东,116.522397,39.914969
地铁1号线(四惠东-苹果园),2,四惠,116.501919,39.914894
地铁1号线(四惠东-苹果园),3,大望路,116.482387,39.914135
地铁1号线(四惠东-苹果园),4,国贸,116.466679,39.914132
地铁1号线(四惠东-苹果园),5,永安里,116.457089,39.914223
地铁1号线(四惠东-苹果园),6,建国门,116.440846,39.914504
地铁1号线(四惠东-苹果园),7,东单,116.426002,39.914504
地铁1号线(四惠东-苹果园),8,王府井,116.417796,39.914398
地铁1号线(四惠东-苹果园),9,天安门东,116.407851,39.91408
地铁1号线(四惠东-苹果园),10,天安门西,116.39805,39.913776
地铁1号线(四惠东-苹果园),11,西单,116.383427,39.913349
地铁1号线(四惠东-苹果园),12,复兴门,116.36438,39.91303
地铁1号线(四惠东-苹果园),13,南礼士路,116.359221,39.912979
地铁1号线(四惠东-苹果园),14,木樨地,116.344097,39.913125
地铁1号线(四惠东-苹果园),15,军事博物馆,116.330351,39.913241
地铁1号线(四惠东-苹果园),16,公主坟,116.316573,39.913503
地铁1号线(四惠东-苹果园),17,万寿路,116.30155,39.91371
地铁1号线(四惠东-苹果园),18,五棵松,116.280423,39.913833
地铁1号线(四惠东-苹果园),19,玉泉路,116.25947,39.913501
地铁1号线(四惠东-苹果园),20,八宝山,116.242277,39.913185
地铁1号线(四惠东-苹果园),21,八角游乐园,116.21939,39.913076
地铁1号线(四惠东-苹果园),22,古城,116.197072,39.913414
地铁1号线(四惠东-苹果园),23,苹果园,116.184463,39.93254
地铁1号线(苹果园-四惠东),1,苹果园,116.184463,39.93254
地铁1号线(苹果园-四惠东),2,古城,116.197072,39.913414
地铁1号线(苹果园-四惠东),3,八角游乐园,116.21939,39.913076
地铁1号线(苹果园-四惠东),4,八宝山,116.242277,39.913185
地铁1号线(苹果园-四惠东),5,玉泉路,116.25947,39.913501
地铁1号线(苹果园-四惠东),6,五棵松,116.280423,39.913833
地铁1号线(苹果园-四惠东),7,万寿路,116.30155,39.91371
地铁1号线(苹果园-四惠东),8,公主坟,116.316573,39.913503
地铁1号线(苹果园-四惠东),9,军事博物馆,116.330351,39.913241
地铁1号线(苹果园-四惠东),10,木樨地,116.344097,39.913125
地铁1号线(苹果园-四惠东),11,南礼士路,116.359221,39.912979
地铁1号线(苹果园-四惠东),12,复兴门,116.36438,39.91303
地铁1号线(苹果园-四惠东),13,西单,116.383427,39.913349
地铁1号线(苹果园-四惠东),14,天安门西,116.39805,39.913776
地铁1号线(苹果园-四惠东),15,天安门东,116.407851,39.91408
地铁1号线(苹果园-四惠东),16,王府井,116.417796,39.914398
地铁1号线(苹果园-四惠东),17,东单,116.426002,39.914504
地铁1号线(苹果园-四惠东),18,建国门,116.440846,39.914504
地铁1号线(苹果园-四惠东),19,永安里,116.457089,39.914223
地铁1号线(苹果园-四惠东),20,国贸,116.466679,39.914132
地铁1号线(苹果园-四惠东),21,大望路,116.482387,39.914135
地铁1号线(苹果园-四惠东),22,四惠,116.501919,39.914894
地铁1号线(苹果园-四惠东),23,四惠东,116.522397,39.914969
地铁2号线(外环(西直门-西直门)),1,西直门,116.362113,39.946027
地铁2号线(外环(西直门-西直门)),2,车公庄,116.362448,39.938507
地铁2号线(外环(西直门-西直门)),3,阜成门,116.362817,39.929522
地铁2号线(外环(西直门-西直门)),4,复兴门,116.363144,39.91302
地铁2号线(外环(西直门-西直门)),5,长椿街,116.369911,39.90534
地铁2号线(外环(西直门-西直门)),6,宣武门,116.380848,39.905881
地铁2号线(外环(西直门-西直门)),7,和平门,116.390619,39.906362
地铁2号线(外环(西直门-西直门)),8,前门,116.404276,39.906534
地铁2号线(外环(西直门-西直门)),9,崇文门,116.423882,39.907372
地铁2号线(外环(西直门-西直门)),10,北京站,116.433608,39.911127
地铁2号线(外环(西直门-西直门)),11,建国门,116.442309,39.914506
地铁2号线(外环(西直门-西直门)),12,朝阳门,116.441069,39.930645
地铁2号线(外环(西直门-西直门)),13,东四十条,116.440638,39.939841
地铁2号线(外环(西直门-西直门)),14,东直门,116.44029,39.94732
地铁2号线(外环(西直门-西直门)),15,雍和宫,116.423241,39.955573
地铁2号线(外环(西直门-西直门)),16,安定门,116.414597,39.955441
地铁2号线(外环(西直门-西直门)),17,鼓楼大街,116.399942,39.955361
地铁2号线(外环(西直门-西直门)),18,积水潭,116.379185,39.954765
地铁2号线(外环(西直门-西直门)),19,西直门,116.362113,39.946027
地铁2号线(内环(积水潭-积水潭)),1,积水潭,116.379185,39.954765
地铁2号线(内环(积水潭-积水潭)),2,鼓楼大街,116.399942,39.955361
地铁2号线(内环(积水潭-积水潭)),3,安定门,116.414597,39.955441
地铁2号线(内环(积水潭-积水潭)),4,雍和宫,116.423241,39.955573
地铁2号线(内环(积水潭-积水潭)),5,东直门,116.44029,39.94732
地铁2号线(内环(积水潭-积水潭)),6,东四十条,116.440638,39.939841
地铁2号线(内环(积水潭-积水潭)),7,朝阳门,116.441069,39.930645
地铁2号线(内环(积水潭-积水潭)),8,建国门,116.442309,39.914506
地铁2号线(内环(积水潭-积水潭)),9,北京站,116.433608,39.911127
地铁2号线(内环(积水潭-积水潭)),10,崇文门,116.423882,39.907372
地铁2号线(内环(积水潭-积水潭)),11,前门,116.404276,39.906534
地铁2号线(内环(积水潭-积水潭)),12,和平门,116.390619,39.906362
地铁2号线(内环(积水潭-积水潭)),13,宣武门,116.380848,39.905881
地铁2号线(内环(积水潭-积水潭)),14,长椿街,116.369911,39.90534
地铁2号线(内环(积水潭-积水潭)),15,复兴门,116.363144,39.91302
地铁2号线(内环(积水潭-积水潭)),16,阜成门,116.362817,39.929522
地铁2号线(内环(积水潭-积水潭)),17,车公庄,116.362448,39.938507
地铁2号线(内环(积水潭-积水潭)),18,西直门,116.362113,39.946027
地铁2号线(内环(积水潭-积水潭)),19,积水潭,116.379185,39.954765
地铁4号线大兴线(天宫院-安河桥北),1,天宫院,116.326437,39.676122
地铁4号线大兴线(天宫院-安河桥北),2,生物医药基地,116.328329,39.692307
地铁4号线大兴线(天宫院-安河桥北),3,义和庄,116.325538,39.718296
地铁4号线大兴线(天宫院-安河桥北),4,黄村火车站,116.339482,39.728326
地铁4号线大兴线(天宫院-安河桥北),5,黄村西大街,116.339128,39.73738
地铁4号线大兴线(天宫院-安河桥北),6,清源路,116.339019,39.748354
地铁4号线大兴线(天宫院-安河桥北),7,枣园,116.338975,39.759079
地铁4号线大兴线(天宫院-安河桥北),8,高米店南,116.33841,39.769059
地铁4号线大兴线(天宫院-安河桥北),9,高米店北,116.337331,39.779548
地铁4号线大兴线(天宫院-安河桥北),10,西红门,116.335169,39.795445
地铁4号线大兴线(天宫院-安河桥北),11,新宫,116.372097,39.818302
地铁4号线大兴线(天宫院-安河桥北),12,公益西桥,116.377314,39.843056
地铁4号线大兴线(天宫院-安河桥北),13,角门西,116.377644,39.851929
地铁4号线大兴线(天宫院-安河桥北),14,马家堡,116.377878,39.859199
地铁4号线大兴线(天宫院-安河桥北),15,北京南站,116.385169,39.870965
地铁4号线大兴线(天宫院-安河桥北),16,陶然亭,116.380902,39.884625
地铁4号线大兴线(天宫院-安河桥北),17,菜市口,116.380973,39.895386
地铁4号线大兴线(天宫院-安河桥北),18,宣武门,116.380848,39.905881
地铁4号线大兴线(天宫院-安河桥北),19,西单,116.380575,39.913309
地铁4号线大兴线(天宫院-安河桥北),20,灵境胡同,116.380223,39.922136
地铁4号线大兴线(天宫院-安河桥北),21,西四,116.37993,39.930036
地铁4号线大兴线(天宫院-安河桥北),22,平安里,116.379318,39.939751
地铁4号线大兴线(天宫院-安河桥北),23,新街口,116.374132,39.94658
地铁4号线大兴线(天宫院-安河桥北),24,西直门,116.362113,39.946027
地铁4号线大兴线(天宫院-安河桥北),25,动物园,116.345204,39.943923
地铁4号线大兴线(天宫院-安河桥北),26,国家图书馆,116.331897,39.948864
地铁4号线大兴线(天宫院-安河桥北),27,魏公村,116.329874,39.963457
地铁4号线大兴线(天宫院-安河桥北),28,人民大学,116.32809,39.97277
地铁4号线大兴线(天宫院-安河桥北),29,海淀黄庄,116.324348,39.981865
地铁4号线大兴线(天宫院-安河桥北),30,中关村,116.323066,39.989956
地铁4号线大兴线(天宫院-安河桥北),31,北京大学东门,116.322265,39.998006
地铁4号线大兴线(天宫院-安河桥北),32,圆明园,116.315938,40.005466
地铁4号线大兴线(天宫院-安河桥北),33,西苑,116.297156,40.004714
地铁4号线大兴线(天宫院-安河桥北),34,北宫门,116.28399,40.008678
地铁4号线大兴线(天宫院-安河桥北),35,安河桥北,116.276432,40.018657
地铁4号线大兴线(安河桥北-天宫院),1,安河桥北,116.276432,40.018657
地铁4号线大兴线(安河桥北-天宫院),2,北宫门,116.28399,40.008678
地铁4号线大兴线(安河桥北-天宫院),3,西苑,116.297156,40.004714
地铁4号线大兴线(安河桥北-天宫院),4,圆明园,116.315938,40.005466
地铁4号线大兴线(安河桥北-天宫院),5,北京大学东门,116.322265,39.998006
地铁4号线大兴线(安河桥北-天宫院),6,中关村,116.323066,39.989956
地铁4号线大兴线(安河桥北-天宫院),7,海淀黄庄,116.324348,39.981865
地铁4号线大兴线(安河桥北-天宫院),8,人民大学,116.32809,39.97277
地铁4号线大兴线(安河桥北-天宫院),9,魏公村,116.329874,39.963457
地铁4号线大兴线(安河桥北-天宫院),10,国家图书馆,116.331897,39.948864
地铁4号线大兴线(安河桥北-天宫院),11,动物园,116.345204,39.943923
地铁4号线大兴线(安河桥北-天宫院),12,西直门,116.362113,39.946027
地铁4号线大兴线(安河桥北-天宫院),13,新街口,116.374132,39.94658
地铁4号线大兴线(安河桥北-天宫院),14,平安里,116.379318,39.939751
地铁4号线大兴线(安河桥北-天宫院),15,西四,116.37993,39.930036
地铁4号线大兴线(安河桥北-天宫院),16,灵境胡同,116.380223,39.922136
地铁4号线大兴线(安河桥北-天宫院),17,西单,116.380575,39.913309
地铁4号线大兴线(安河桥北-天宫院),18,宣武门,116.380848,39.905881
地铁4号线大兴线(安河桥北-天宫院),19,菜市口,116.380973,39.895386
地铁4号线大兴线(安河桥北-天宫院),20,陶然亭,116.380902,39.884625
地铁4号线大兴线(安河桥北-天宫院),21,北京南站,116.385169,39.870965
地铁4号线大兴线(安河桥北-天宫院),22,马家堡,116.377878,39.859199
地铁4号线大兴线(安河桥北-天宫院),23,角门西,116.377644,39.851929
地铁4号线大兴线(安河桥北-天宫院),24,公益西桥,116.377314,39.843056
地铁4号线大兴线(安河桥北-天宫院),25,新宫,116.372097,39.818302
地铁4号线大兴线(安河桥北-天宫院),26,西红门,116.335169,39.795445
地铁4号线大兴线(安河桥北-天宫院),27,高米店北,116.337331,39.779548
地铁4号线大兴线(安河桥北-天宫院),28,高米店南,116.33841,39.769059
地铁4号线大兴线(安河桥北-天宫院),29,枣园,116.338975,39.759079
地铁4号线大兴线(安河桥北-天宫院),30,清源路,116.339019,39.748354
地铁4号线大兴线(安河桥北-天宫院),31,黄村西大街,116.339128,39.73738
地铁4号线大兴线(安河桥北-天宫院),32,黄村火车站,116.339482,39.728326
地铁4号线大兴线(安河桥北-天宫院),33,义和庄,116.325538,39.718296
地铁4号线大兴线(安河桥北-天宫院),34,生物医药基地,116.328329,39.692307
地铁4号线大兴线(安河桥北-天宫院),35,天宫院,116.326437,39.676122
地铁5号线(宋家庄-天通苑北),1,宋家庄,116.434911,39.851911
地铁5号线(宋家庄-天通苑北),2,刘家窑,116.428565,39.863697
地铁5号线(宋家庄-天通苑北),3,蒲黄榆,116.428185,39.871699
地铁5号线(宋家庄-天通苑北),4,天坛东门,116.427392,39.888497
地铁5号线(宋家庄-天通苑北),5,磁器口,116.425336,39.899344
地铁5号线(宋家庄-天通苑北),6,崇文门,116.424995,39.906534
地铁5号线(宋家庄-天通苑北),7,东单,116.424495,39.914504
地铁5号线(宋家庄-天通苑北),8,灯市口,116.424169,39.923603
地铁5号线(宋家庄-天通苑北),9,东四,116.423936,39.930759
地铁5号线(宋家庄-天通苑北),10,张自忠路,116.423579,39.939914
地铁5号线(宋家庄-天通苑北),11,北新桥,116.423298,39.947112
地铁5号线(宋家庄-天通苑北),12,雍和宫,116.422999,39.954653
地铁5号线(宋家庄-天通苑北),13,和平里北街,116.425051,39.964752
地铁5号线(宋家庄-天通苑北),14,和平西桥,116.424463,39.974502
地铁5号线(宋家庄-天通苑北),15,惠新西街南口,116.42404,39.983276
地铁5号线(宋家庄-天通苑北),16,惠新西街北口,116.423532,39.994151
地铁5号线(宋家庄-天通苑北),17,大屯路东,116.423892,40.010107
地铁5号线(宋家庄-天通苑北),18,北苑路北,116.424525,40.036821
地铁5号线(宋家庄-天通苑北),19,立水桥南,116.420973,40.048143
地铁5号线(宋家庄-天通苑北),20,立水桥,116.418789,40.059314
地铁5号线(宋家庄-天通苑北),21,天通苑南,116.419113,40.072752
地铁5号线(宋家庄-天通苑北),22,天通苑,116.419233,40.081478
地铁5号线(宋家庄-天通苑北),23,天通苑北,116.419385,40.089597
地铁5号线(天通苑北-宋家庄),1,天通苑北,116.419385,40.089597
地铁5号线(天通苑北-宋家庄),2,天通苑,116.419233,40.081478
地铁5号线(天通苑北-宋家庄),3,天通苑南,116.419113,40.072752
地铁5号线(天通苑北-宋家庄),4,立水桥,116.418789,40.059314
地铁5号线(天通苑北-宋家庄),5,立水桥南,116.420973,40.048143
地铁5号线(天通苑北-宋家庄),6,北苑路北,116.424525,40.036821
地铁5号线(天通苑北-宋家庄),7,大屯路东,116.423892,40.010107
地铁5号线(天通苑北-宋家庄),8,惠新西街北口,116.423532,39.994151
地铁5号线(天通苑北-宋家庄),9,惠新西街南口,116.42404,39.983276
地铁5号线(天通苑北-宋家庄),10,和平西桥,116.424463,39.974502
地铁5号线(天通苑北-宋家庄),11,和平里北街,116.425051,39.964752
地铁5号线(天通苑北-宋家庄),12,雍和宫,116.422999,39.954653
地铁5号线(天通苑北-宋家庄),13,北新桥,116.423298,39.947112
地铁5号线(天通苑北-宋家庄),14,张自忠路,116.423579,39.939914
地铁5号线(天通苑北-宋家庄),15,东四,116.423936,39.930759
地铁5号线(天通苑北-宋家庄),16,灯市口,116.424169,39.923603
地铁5号线(天通苑北-宋家庄),17,东单,116.424495,39.914504
地铁5号线(天通苑北-宋家庄),18,崇文门,116.424995,39.906534
地铁5号线(天通苑北-宋家庄),19,磁器口,116.425336,39.899344
地铁5号线(天通苑北-宋家庄),20,天坛东门,116.427392,39.888497
地铁5号线(天通苑北-宋家庄),21,蒲黄榆,116.428185,39.871699
地铁5号线(天通苑北-宋家庄),22,刘家窑,116.428565,39.863697
地铁5号线(天通苑北-宋家庄),23,宋家庄,116.434911,39.851911
地铁6号线(海淀五路居-潞城),1,海淀五路居,116.282736,39.9386
地铁6号线(海淀五路居-潞城),2,慈寿寺,116.300094,39.939092
地铁6号线(海淀五路居-潞城),3,花园桥,116.317559,39.938382
地铁6号线(海淀五路居-潞城),4,白石桥南,116.33181,39.938169
地铁6号线(海淀五路居-潞城),5,车公庄西,116.350644,39.938074
地铁6号线(海淀五路居-潞城),6,车公庄,116.36122,39.938194
地铁6号线(海淀五路居-潞城),7,平安里,116.377953,39.938777
地铁6号线(海淀五路居-潞城),8,北海北,116.39289,39.939493
地铁6号线(海淀五路居-潞城),9,南锣鼓巷,116.409466,39.939565
地铁6号线(海淀五路居-潞城),10,东四,116.422875,39.930535
地铁6号线(海淀五路居-潞城),11,朝阳门,116.440201,39.930453
地铁6号线(海淀五路居-潞城),12,东大桥,116.458252,39.928625
地铁6号线(海淀五路居-潞城),13,呼家楼,116.468237,39.928981
地铁6号线(海淀五路居-潞城),14,金台路,116.485062,39.928727
地铁6号线(海淀五路居-潞城),15,十里堡,116.508479,39.929238
地铁6号线(海淀五路居-潞城),16,青年路,116.523829,39.929469
地铁6号线(海淀五路居-潞城),17,褡裢坡,116.570223,39.929826
地铁6号线(海淀五路居-潞城),18,黄渠,116.584917,39.929937
地铁6号线(海淀五路居-潞城),19,常营,116.605447,39.93151
地铁6号线(海淀五路居-潞城),20,草房,116.622546,39.930673
地铁6号线(海淀五路居-潞城),21,物资学院路,116.645543,39.933087
地铁6号线(海淀五路居-潞城),22,通州北关,116.668053,39.924687
地铁6号线(海淀五路居-潞城),23,北运河西,116.694432,39.90893
地铁6号线(海淀五路居-潞城),24,东夏园,116.740896,39.909493
地铁6号线(海淀五路居-潞城),25,潞城,116.754799,39.90889
地铁6号线(潞城-海淀五路居),1,潞城,116.754799,39.90889
地铁6号线(潞城-海淀五路居),2,东夏园,116.740896,39.909493
地铁6号线(潞城-海淀五路居),3,北运河西,116.694432,39.90893
地铁6号线(潞城-海淀五路居),4,通州北关,116.668053,39.924687
地铁6号线(潞城-海淀五路居),5,物资学院路,116.645543,39.933087
地铁6号线(潞城-海淀五路居),6,草房,116.622546,39.930673
地铁6号线(潞城-海淀五路居),7,常营,116.605447,39.93151
地铁6号线(潞城-海淀五路居),8,黄渠,116.584917,39.929937
地铁6号线(潞城-海淀五路居),9,褡裢坡,116.570223,39.929826
地铁6号线(潞城-海淀五路居),10,青年路,116.523829,39.929469
地铁6号线(潞城-海淀五路居),11,十里堡,116.508479,39.929238
地铁6号线(潞城-海淀五路居),12,金台路,116.485062,39.928727
地铁6号线(潞城-海淀五路居),13,呼家楼,116.468237,39.928981
地铁6号线(潞城-海淀五路居),14,东大桥,116.458252,39.928625
地铁6号线(潞城-海淀五路居),15,朝阳门,116.440201,39.930453
地铁6号线(潞城-海淀五路居),16,东四,116.422875,39.930535
地铁6号线(潞城-海淀五路居),17,南锣鼓巷,116.409466,39.939565
地铁6号线(潞城-海淀五路居),18,北海北,116.39289,39.939493
地铁6号线(潞城-海淀五路居),19,平安里,116.377953,39.938777
地铁6号线(潞城-海淀五路居),20,车公庄,116.36122,39.938194
地铁6号线(潞城-海淀五路居),21,车公庄西,116.350644,39.938074
地铁6号线(潞城-海淀五路居),22,白石桥南,116.33181,39.938169
地铁6号线(潞城-海淀五路居),23,花园桥,116.317559,39.938382
地铁6号线(潞城-海淀五路居),24,慈寿寺,116.300094,39.939092
地铁6号线(潞城-海淀五路居),25,海淀五路居,116.282736,39.9386
地铁7号线(焦化厂-北京西站),1,焦化厂,116.543631,39.861686
地铁7号线(焦化厂-北京西站),2,双合,116.533265,39.866414
地铁7号线(焦化厂-北京西站),3,欢乐谷景区,116.505927,39.872916
地铁7号线(焦化厂-北京西站),4,南楼梓庄,116.507808,39.88078
地铁7号线(焦化厂-北京西站),5,化工,116.510091,39.893222
地铁7号线(焦化厂-北京西站),6,百子湾,116.50382,39.898935
地铁7号线(焦化厂-北京西站),7,大郊亭,116.494711,39.899072
地铁7号线(焦化厂-北京西站),8,九龙山,116.485339,39.899021
地铁7号线(焦化厂-北京西站),9,广渠门外,116.455911,39.899309
地铁7号线(焦化厂-北京西站),10,广渠门内,116.440943,39.899616
地铁7号线(焦化厂-北京西站),11,磁器口,116.426734,39.899333
地铁7号线(焦化厂-北京西站),12,桥湾,116.414901,39.899001
地铁7号线(焦化厂-北京西站),13,珠市口,116.404574,39.89767
地铁7号线(焦化厂-北京西站),14,虎坊桥,116.390654,39.895691
地铁7号线(焦化厂-北京西站),15,菜市口,116.380506,39.895364
地铁7号线(焦化厂-北京西站),16,广安门内,116.364626,39.89543
地铁7号线(焦化厂-北京西站),17,达官营,116.342069,39.895671
地铁7号线(焦化厂-北京西站),18,湾子,116.3344,39.895902
地铁7号线(焦化厂-北京西站),19,北京西站,116.327841,39.900676
地铁7号线(北京西站-焦化厂),1,北京西站,116.327841,39.900676
地铁7号线(北京西站-焦化厂),2,湾子,116.3344,39.895902
地铁7号线(北京西站-焦化厂),3,达官营,116.342069,39.895671
地铁7号线(北京西站-焦化厂),4,广安门内,116.364626,39.89543
地铁7号线(北京西站-焦化厂),5,菜市口,116.380506,39.895364
地铁7号线(北京西站-焦化厂),6,虎坊桥,116.390654,39.895691
地铁7号线(北京西站-焦化厂),7,珠市口,116.404574,39.89767
地铁7号线(北京西站-焦化厂),8,桥湾,116.414901,39.899001
地铁7号线(北京西站-焦化厂),9,磁器口,116.426734,39.899333
地铁7号线(北京西站-焦化厂),10,广渠门内,116.440943,39.899616
地铁7号线(北京西站-焦化厂),11,广渠门外,116.455911,39.899309
地铁7号线(北京西站-焦化厂),12,九龙山,116.485339,39.899021
地铁7号线(北京西站-焦化厂),13,大郊亭,116.494711,39.899072
地铁7号线(北京西站-焦化厂),14,百子湾,116.50382,39.898935
地铁7号线(北京西站-焦化厂),15,化工,116.510091,39.893222
地铁7号线(北京西站-焦化厂),16,南楼梓庄,116.507808,39.88078
地铁7号线(北京西站-焦化厂),17,欢乐谷景区,116.505927,39.872916
地铁7号线(北京西站-焦化厂),18,双合,116.533265,39.866414
地铁7号线(北京西站-焦化厂),19,焦化厂,116.543631,39.861686
地铁8号线(朱辛庄-南锣鼓巷),1,朱辛庄,116.320174,40.110338
地铁8号线(朱辛庄-南锣鼓巷),2,育知路,116.333898,40.09371
地铁8号线(朱辛庄-南锣鼓巷),3,平西府,116.357247,40.095792
地铁8号线(朱辛庄-南锣鼓巷),4,回龙观东大街,116.369753,40.086965
地铁8号线(朱辛庄-南锣鼓巷),5,霍营,116.366616,40.077828
地铁8号线(朱辛庄-南锣鼓巷),6,育新,116.353997,40.066124
地铁8号线(朱辛庄-南锣鼓巷),7,西小口,116.358213,40.052716
地铁8号线(朱辛庄-南锣鼓巷),8,永泰庄,116.361159,40.043692
地铁8号线(朱辛庄-南锣鼓巷),9,林萃桥,116.378905,40.027995
地铁8号线(朱辛庄-南锣鼓巷),10,森林公园南门,116.399036,40.016211
地铁8号线(朱辛庄-南锣鼓巷),11,奥林匹克公园,116.399289,40.007194
地铁8号线(朱辛庄-南锣鼓巷),12,奥体中心,116.400191,39.992442
地铁8号线(朱辛庄-南锣鼓巷),13,北土城,116.400663,39.983255
地铁8号线(朱辛庄-南锣鼓巷),14,安华桥,116.400603,39.974878
地铁8号线(朱辛庄-南锣鼓巷),15,安德里北街,116.400884,39.963931
地铁8号线(朱辛庄-南锣鼓巷),16,鼓楼大街,116.400278,39.954087
地铁8号线(朱辛庄-南锣鼓巷),17,什刹海,116.402547,39.944154
地铁8号线(朱辛庄-南锣鼓巷),18,南锣鼓巷,116.409901,39.940115
地铁8号线(南锣鼓巷-朱辛庄),1,南锣鼓巷,116.409901,39.940115
地铁8号线(南锣鼓巷-朱辛庄),2,什刹海,116.402547,39.944154
地铁8号线(南锣鼓巷-朱辛庄),3,鼓楼大街,116.400278,39.954087
地铁8号线(南锣鼓巷-朱辛庄),4,安德里北街,116.400884,39.963931
地铁8号线(南锣鼓巷-朱辛庄),5,安华桥,116.400603,39.974878
地铁8号线(南锣鼓巷-朱辛庄),6,北土城,116.400663,39.983255
地铁8号线(南锣鼓巷-朱辛庄),7,奥体中心,116.400191,39.992442
地铁8号线(南锣鼓巷-朱辛庄),8,奥林匹克公园,116.399289,40.007194
地铁8号线(南锣鼓巷-朱辛庄),9,森林公园南门,116.399036,40.016211
地铁8号线(南锣鼓巷-朱辛庄),10,林萃桥,116.378905,40.027995
地铁8号线(南锣鼓巷-朱辛庄),11,永泰庄,116.361159,40.043692
地铁8号线(南锣鼓巷-朱辛庄),12,西小口,116.358213,40.052716
地铁8号线(南锣鼓巷-朱辛庄),13,育新,116.353997,40.066124
地铁8号线(南锣鼓巷-朱辛庄),14,霍营,116.366616,40.077828
地铁8号线(南锣鼓巷-朱辛庄),15,回龙观东大街,116.369753,40.086965
地铁8号线(南锣鼓巷-朱辛庄),16,平西府,116.357247,40.095792
地铁8号线(南锣鼓巷-朱辛庄),17,育知路,116.333898,40.09371
地铁8号线(南锣鼓巷-朱辛庄),18,朱辛庄,116.320174,40.110338
地铁9号线(郭公庄-国家图书馆),1,郭公庄,116.308567,39.820764
地铁9号线(郭公庄-国家图书馆),2,丰台科技园,116.303639,39.831449
地铁9号线(郭公庄-国家图书馆),3,科怡路,116.303808,39.838664
地铁9号线(郭公庄-国家图书馆),4,丰台南路,116.302854,39.847201
地铁9号线(郭公庄-国家图书馆),5,丰台东大街,116.300215,39.86144
地铁9号线(郭公庄-国家图书馆),6,七里庄,116.300779,39.873436
地铁9号线(郭公庄-国家图书馆),7,六里桥,116.30961,39.886428
地铁9号线(郭公庄-国家图书馆),8,六里桥东,116.321463,39.89278
地铁9号线(郭公庄-国家图书馆),9,北京西站,116.327781,39.900679
地铁9号线(郭公庄-国家图书馆),10,军事博物馆,116.328277,39.913446
地铁9号线(郭公庄-国家图书馆),11,白堆子,116.332359,39.929707
地铁9号线(郭公庄-国家图书馆),12,白石桥南,116.332266,39.938628
地铁9号线(郭公庄-国家图书馆),13,国家图书馆,116.331897,39.948864
地铁9号线(国家图书馆-郭公庄),1,国家图书馆,116.331897,39.948864
地铁9号线(国家图书馆-郭公庄),2,白石桥南,116.332266,39.938628
地铁9号线(国家图书馆-郭公庄),3,白堆子,116.332359,39.929707
地铁9号线(国家图书馆-郭公庄),4,军事博物馆,116.328277,39.913446
地铁9号线(国家图书馆-郭公庄),5,北京西站,116.327781,39.900679
地铁9号线(国家图书馆-郭公庄),6,六里桥东,116.321463,39.89278
地铁9号线(国家图书馆-郭公庄),7,六里桥,116.30961,39.886428
地铁9号线(国家图书馆-郭公庄),8,七里庄,116.300779,39.873436
地铁9号线(国家图书馆-郭公庄),9,丰台东大街,116.300215,39.86144
地铁9号线(国家图书馆-郭公庄),10,丰台南路,116.302854,39.847201
地铁9号线(国家图书馆-郭公庄),11,科怡路,116.303808,39.838664
地铁9号线(国家图书馆-郭公庄),12,丰台科技园,116.303639,39.831449
地铁9号线(国家图书馆-郭公庄),13,郭公庄,116.308567,39.820764
地铁10号线(内环(车道沟-车道沟)),1,车道沟,116.300274,39.954895
地铁10号线(内环(车道沟-车道沟)),2,长春桥,116.300461,39.964876
地铁10号线(内环(车道沟-车道沟)),3,火器营,116.29561,39.972383
地铁10号线(内环(车道沟-车道沟)),4,巴沟,116.300511,39.980463
地铁10号线(内环(车道沟-车道沟)),5,苏州街,116.312768,39.981704
地铁10号线(内环(车道沟-车道沟)),6,海淀黄庄,116.324348,39.981865
地铁10号线(内环(车道沟-车道沟)),7,知春里,116.336091,39.982061
地铁10号线(内环(车道沟-车道沟)),8,知春路,116.348596,39.982063
地铁10号线(内环(车道沟-车道沟)),9,西土城,116.360484,39.982026
地铁10号线(内环(车道沟-车道沟)),10,牡丹园,116.376446,39.982371
地铁10号线(内环(车道沟-车道沟)),11,健德门,116.387816,39.982833
地铁10号线(内环(车道沟-车道沟)),12,北土城,116.400663,39.983255
地铁10号线(内环(车道沟-车道沟)),13,安贞门,116.412371,39.983322
地铁10号线(内环(车道沟-车道沟)),14,惠新西街南口,116.42404,39.983276
地铁10号线(内环(车道沟-车道沟)),15,芍药居,116.444275,39.983068
地铁10号线(内环(车道沟-车道沟)),16,太阳宫,116.454059,39.978367
地铁10号线(内环(车道沟-车道沟)),17,三元桥,116.46343,39.96642
地铁10号线(内环(车道沟-车道沟)),18,亮马桥,116.468743,39.955006
地铁10号线(内环(车道沟-车道沟)),19,农业展览馆,116.468772,39.946988
地铁10号线(内环(车道沟-车道沟)),20,团结湖,116.468337,39.939382
地铁10号线(内环(车道沟-车道沟)),21,呼家楼,116.468237,39.928981
地铁10号线(内环(车道沟-车道沟)),22,金台夕照,116.468282,39.922961
地铁10号线(内环(车道沟-车道沟)),23,国贸,116.468367,39.914738
地铁10号线(内环(车道沟-车道沟)),24,双井,116.468453,39.899186
地铁10号线(内环(车道沟-车道沟)),25,劲松,116.46801,39.890027
地铁10号线(内环(车道沟-车道沟)),26,潘家园,116.467741,39.881735
地铁10号线(内环(车道沟-车道沟)),27,十里河,116.465751,39.871575
地铁10号线(内环(车道沟-车道沟)),28,分钟寺,116.460348,39.857886
地铁10号线(内环(车道沟-车道沟)),29,成寿寺,116.454315,39.851457
地铁10号线(内环(车道沟-车道沟)),30,宋家庄,116.434913,39.851972
地铁10号线(内环(车道沟-车道沟)),31,石榴庄,116.420566,39.852109
地铁10号线(内环(车道沟-车道沟)),32,大红门,116.406253,39.851841
地铁10号线(内环(车道沟-车道沟)),33,角门东,116.392751,39.851487
地铁10号线(内环(车道沟-车道沟)),34,角门西,116.377644,39.851929
地铁10号线(内环(车道沟-车道沟)),35,草桥,116.359241,39.851597
地铁10号线(内环(车道沟-车道沟)),36,纪家庙,116.339533,39.850124
地铁10号线(内环(车道沟-车道沟)),37,首经贸,116.326613,39.85032
地铁10号线(内环(车道沟-车道沟)),38,丰台站,116.311475,39.856026
地铁10号线(内环(车道沟-车道沟)),39,泥洼,116.310813,39.8647
地铁10号线(内环(车道沟-车道沟)),40,西局,116.309904,39.871958
地铁10号线(内环(车道沟-车道沟)),41,六里桥,116.30961,39.886428
地铁10号线(内环(车道沟-车道沟)),42,莲花桥,116.316823,39.904081
地铁10号线(内环(车道沟-车道沟)),43,公主坟,116.316819,39.913516
地铁10号线(内环(车道沟-车道沟)),44,西钓鱼台,116.304186,39.929671
地铁10号线(内环(车道沟-车道沟)),45,慈寿寺,116.30126,39.939449
地铁10号线(内环(车道沟-车道沟)),46,车道沟,116.300274,39.954895
地铁10号线(外环(巴沟-巴沟)),1,巴沟,116.300511,39.980463
地铁10号线(外环(巴沟-巴沟)),2,火器营,116.29561,39.972383
地铁10号线(外环(巴沟-巴沟)),3,长春桥,116.300461,39.964876
地铁10号线(外环(巴沟-巴沟)),4,车道沟,116.300274,39.954895
地铁10号线(外环(巴沟-巴沟)),5,慈寿寺,116.30126,39.939449
地铁10号线(外环(巴沟-巴沟)),6,西钓鱼台,116.304186,39.929671
地铁10号线(外环(巴沟-巴沟)),7,公主坟,116.316819,39.913516
地铁10号线(外环(巴沟-巴沟)),8,莲花桥,116.316823,39.904081
地铁10号线(外环(巴沟-巴沟)),9,六里桥,116.30961,39.886428
地铁10号线(外环(巴沟-巴沟)),10,西局,116.309904,39.871958
地铁10号线(外环(巴沟-巴沟)),11,泥洼,116.310813,39.8647
地铁10号线(外环(巴沟-巴沟)),12,丰台站,116.311475,39.856026
地铁10号线(外环(巴沟-巴沟)),13,首经贸,116.326613,39.85032
地铁10号线(外环(巴沟-巴沟)),14,纪家庙,116.339533,39.850124
地铁10号线(外环(巴沟-巴沟)),15,草桥,116.359241,39.851597
地铁10号线(外环(巴沟-巴沟)),16,角门西,116.377644,39.851929
地铁10号线(外环(巴沟-巴沟)),17,角门东,116.392751,39.851487
地铁10号线(外环(巴沟-巴沟)),18,大红门,116.406253,39.851841
地铁10号线(外环(巴沟-巴沟)),19,石榴庄,116.420566,39.852109
地铁10号线(外环(巴沟-巴沟)),20,宋家庄,116.434913,39.851972
地铁10号线(外环(巴沟-巴沟)),21,成寿寺,116.454315,39.851457
地铁10号线(外环(巴沟-巴沟)),22,分钟寺,116.460348,39.857886
地铁10号线(外环(巴沟-巴沟)),23,十里河,116.465751,39.871575
地铁10号线(外环(巴沟-巴沟)),24,潘家园,116.467741,39.881735
地铁10号线(外环(巴沟-巴沟)),25,劲松,116.46801,39.890027
地铁10号线(外环(巴沟-巴沟)),26,双井,116.468453,39.899186
地铁10号线(外环(巴沟-巴沟)),27,国贸,116.468367,39.914738
地铁10号线(外环(巴沟-巴沟)),28,金台夕照,116.468282,39.922961
地铁10号线(外环(巴沟-巴沟)),29,呼家楼,116.468237,39.928981
地铁10号线(外环(巴沟-巴沟)),30,团结湖,116.468337,39.939382
地铁10号线(外环(巴沟-巴沟)),31,农业展览馆,116.468772,39.946988
地铁10号线(外环(巴沟-巴沟)),32,亮马桥,116.468743,39.955006
地铁10号线(外环(巴沟-巴沟)),33,三元桥,116.46343,39.96642
地铁10号线(外环(巴沟-巴沟)),34,太阳宫,116.454059,39.978367
地铁10号线(外环(巴沟-巴沟)),35,芍药居,116.444275,39.983068
地铁10号线(外环(巴沟-巴沟)),36,惠新西街南口,116.42404,39.983276
地铁10号线(外环(巴沟-巴沟)),37,安贞门,116.412371,39.983322
地铁10号线(外环(巴沟-巴沟)),38,北土城,116.400663,39.983255
地铁10号线(外环(巴沟-巴沟)),39,健德门,116.387816,39.982833
地铁10号线(外环(巴沟-巴沟)),40,牡丹园,116.376446,39.982371
地铁10号线(外环(巴沟-巴沟)),41,西土城,116.360484,39.982026
地铁10号线(外环(巴沟-巴沟)),42,知春路,116.348596,39.982063
地铁10号线(外环(巴沟-巴沟)),43,知春里,116.336091,39.982061
地铁10号线(外环(巴沟-巴沟)),44,海淀黄庄,116.324348,39.981865
地铁10号线(外环(巴沟-巴沟)),45,苏州街,116.312768,39.981704
地铁10号线(外环(巴沟-巴沟)),46,巴沟,116.300511,39.980463
地铁13号线(东直门-西直门),1,东直门,116.441715,39.948659
地铁13号线(东直门-西直门),2,柳芳,116.439265,39.964106
地铁13号线(东直门-西直门),3,光熙门,116.438355,39.974474
地铁13号线(东直门-西直门),4,芍药居,116.442868,39.984031
地铁13号线(东直门-西直门),5,望京西,116.453761,40.000415
地铁13号线(东直门-西直门),6,北苑,116.441315,40.048872
地铁13号线(东直门-西直门),7,立水桥,116.417759,40.059173
地铁13号线(东直门-西直门),8,霍营,116.366827,40.076431
地铁13号线(东直门-西直门),9,回龙观,116.34232,40.076426
地铁13号线(东直门-西直门),10,龙泽,116.326173,40.076647
地铁13号线(东直门-西直门),11,西二旗,116.312665,40.058928
地铁13号线(东直门-西直门),12,上地,116.326836,40.038699
地铁13号线(东直门-西直门),13,五道口,116.344434,39.998568
地铁13号线(东直门-西直门),14,知春路,116.346642,39.982068
地铁13号线(东直门-西直门),15,大钟寺,116.35182,39.972034
地铁13号线(东直门-西直门),16,西直门,116.359764,39.94746
地铁13号线(西直门-东直门),1,西直门,116.359764,39.94746
地铁13号线(西直门-东直门),2,大钟寺,116.35182,39.972034
地铁13号线(西直门-东直门),3,知春路,116.346642,39.982068
地铁13号线(西直门-东直门),4,五道口,116.344434,39.998568
地铁13号线(西直门-东直门),5,上地,116.326836,40.038699
地铁13号线(西直门-东直门),6,西二旗,116.312665,40.058928
地铁13号线(西直门-东直门),7,龙泽,116.326173,40.076647
地铁13号线(西直门-东直门),8,回龙观,116.34232,40.076426
地铁13号线(西直门-东直门),9,霍营,116.366827,40.076431
地铁13号线(西直门-东直门),10,立水桥,116.417759,40.059173
地铁13号线(西直门-东直门),11,北苑,116.441315,40.048872
地铁13号线(西直门-东直门),12,望京西,116.453761,40.000415
地铁13号线(西直门-东直门),13,芍药居,116.442868,39.984031
地铁13号线(西直门-东直门),14,光熙门,116.438355,39.974474
地铁13号线(西直门-东直门),15,柳芳,116.439265,39.964106
地铁13号线(西直门-东直门),16,东直门,116.441715,39.948659
地铁14号线西段(西局-张郭庄),1,西局,116.309893,39.872521
地铁14号线西段(西局-张郭庄),2,七里庄,116.300326,39.872593
地铁14号线西段(西局-张郭庄),3,大井,116.281826,39.871571
地铁14号线西段(西局-张郭庄),4,郭庄子,116.259835,39.870755
地铁14号线西段(西局-张郭庄),5,大瓦窑,116.246953,39.865215
地铁14号线西段(西局-张郭庄),6,园博园,116.208364,39.867099
地铁14号线西段(西局-张郭庄),7,张郭庄,116.193406,39.864102
地铁14号线东段(善各庄-北京南站),1,善各庄,116.484762,40.03309
地铁14号线东段(善各庄-北京南站),2,来广营,116.473489,40.026145
地铁14号线东段(善各庄-北京南站),3,东湖渠,116.474032,40.016228
地铁14号线东段(善各庄-北京南站),4,望京,116.474583,40.004809
地铁14号线东段(善各庄-北京南站),5,阜通,116.477642,39.997887
地铁14号线东段(善各庄-北京南站),6,望京南,116.488454,39.990534
地铁14号线东段(善各庄-北京南站),7,将台,116.496253,39.97696
地铁14号线东段(善各庄-北京南站),8,东风北桥,116.492579,39.9645
地铁14号线东段(善各庄-北京南站),9,枣营,116.48155,39.950188
地铁14号线东段(善各庄-北京南站),10,朝阳公园,116.484946,39.939443
地铁14号线东段(善各庄-北京南站),11,金台路,116.484722,39.929411
地铁14号线东段(善各庄-北京南站),12,大望路,116.484453,39.914714
地铁14号线东段(善各庄-北京南站),13,九龙山,116.484039,39.900029
地铁14号线东段(善各庄-北京南站),14,平乐园,116.483967,39.890758
地铁14号线东段(善各庄-北京南站),15,北工大西门,116.484017,39.880747
地铁14号线东段(善各庄-北京南站),16,十里河,116.464601,39.871848
地铁14号线东段(善各庄-北京南站),17,方庄,116.446196,39.871749
地铁14号线东段(善各庄-北京南站),18,蒲黄榆,116.429604,39.871679
地铁14号线东段(善各庄-北京南站),19,景泰,116.417164,39.871443
地铁14号线东段(善各庄-北京南站),20,永定门外,116.405729,39.873727
地铁14号线东段(善各庄-北京南站),21,北京南站,116.385169,39.870965
地铁14号线西段(张郭庄-西局),1,张郭庄,116.193406,39.864102
地铁14号线西段(张郭庄-西局),2,园博园,116.208364,39.867099
地铁14号线西段(张郭庄-西局),3,大瓦窑,116.246953,39.865215
地铁14号线西段(张郭庄-西局),4,郭庄子,116.259835,39.870755
地铁14号线西段(张郭庄-西局),5,大井,116.281826,39.871571
地铁14号线西段(张郭庄-西局),6,七里庄,116.300326,39.872593
地铁14号线西段(张郭庄-西局),7,西局,116.309893,39.872521
地铁14号线东段(北京南站-善各庄),1,北京南站,116.385169,39.870965
地铁14号线东段(北京南站-善各庄),2,永定门外,116.405729,39.873727
地铁14号线东段(北京南站-善各庄),3,景泰,116.417164,39.871443
地铁14号线东段(北京南站-善各庄),4,蒲黄榆,116.429604,39.871679
地铁14号线东段(北京南站-善各庄),5,方庄,116.446196,39.871749
地铁14号线东段(北京南站-善各庄),6,十里河,116.464601,39.871848
地铁14号线东段(北京南站-善各庄),7,北工大西门,116.484017,39.880747
地铁14号线东段(北京南站-善各庄),8,平乐园,116.483967,39.890758
地铁14号线东段(北京南站-善各庄),9,九龙山,116.484039,39.900029
地铁14号线东段(北京南站-善各庄),10,大望路,116.484453,39.914714
地铁14号线东段(北京南站-善各庄),11,金台路,116.484722,39.929411
地铁14号线东段(北京南站-善各庄),12,朝阳公园,116.484946,39.939443
地铁14号线东段(北京南站-善各庄),13,枣营,116.48155,39.950188
地铁14号线东段(北京南站-善各庄),14,东风北桥,116.492579,39.9645
地铁14号线东段(北京南站-善各庄),15,将台,116.496253,39.97696
地铁14号线东段(北京南站-善各庄),16,望京南,116.488454,39.990534
地铁14号线东段(北京南站-善各庄),17,阜通,116.477642,39.997887
地铁14号线东段(北京南站-善各庄),18,望京,116.474583,40.004809
地铁14号线东段(北京南站-善各庄),19,东湖渠,116.474032,40.016228
地铁14号线东段(北京南站-善各庄),20,来广营,116.473489,40.026145
地铁14号线东段(北京南站-善各庄),21,善各庄,116.484762,40.03309
地铁15号线(清华东路西口-俸伯),1,清华东路西口,116.345527,40.0063
地铁15号线(清华东路西口-俸伯),2,六道口,116.359309,40.006718
地铁15号线(清华东路西口-俸伯),3,北沙滩,116.375561,40.007538
地铁15号线(清华东路西口-俸伯),4,奥林匹克公园,116.398132,40.008511
地铁15号线(清华东路西口-俸伯),5,安立路,116.414285,40.008946
地铁15号线(清华东路西口-俸伯),6,大屯路东,116.425241,40.009115
地铁15号线(清华东路西口-俸伯),7,关庄,116.437889,40.007136
地铁15号线(清华东路西口-俸伯),8,望京西,116.45743,40.001802
地铁15号线(清华东路西口-俸伯),9,望京,116.476025,40.004254
地铁15号线(清华东路西口-俸伯),10,望京东,116.4933,40.00927
地铁15号线(清华东路西口-俸伯),11,崔各庄,116.499145,40.028437
地铁15号线(清华东路西口-俸伯),12,马泉营,116.509638,40.039847
地铁15号线(清华东路西口-俸伯),13,孙河,116.54104,40.051264
地铁15号线(清华东路西口-俸伯),14,国展,116.561721,40.075932
地铁15号线(清华东路西口-俸伯),15,花梨坎,116.564223,40.090312
地铁15号线(清华东路西口-俸伯),16,后沙峪,116.570793,40.119865
地铁15号线(清华东路西口-俸伯),17,南法信,116.616411,40.134458
地铁15号线(清华东路西口-俸伯),18,石门,116.647499,40.136314
地铁15号线(清华东路西口-俸伯),19,顺义,116.663478,40.136138
地铁15号线(清华东路西口-俸伯),20,俸伯,116.69145,40.138304
地铁15号线(俸伯-清华东路西口),1,俸伯,116.69145,40.138304
地铁15号线(俸伯-清华东路西口),2,顺义,116.663478,40.136138
地铁15号线(俸伯-清华东路西口),3,石门,116.647499,40.136314
地铁15号线(俸伯-清华东路西口),4,南法信,116.616411,40.134458
地铁15号线(俸伯-清华东路西口),5,后沙峪,116.570793,40.119865
地铁15号线(俸伯-清华东路西口),6,花梨坎,116.564223,40.090312
地铁15号线(俸伯-清华东路西口),7,国展,116.561721,40.075932
地铁15号线(俸伯-清华东路西口),8,孙河,116.54104,40.051264
地铁15号线(俸伯-清华东路西口),9,马泉营,116.509638,40.039847
地铁15号线(俸伯-清华东路西口),10,崔各庄,116.499145,40.028437
地铁15号线(俸伯-清华东路西口),11,望京东,116.4933,40.00927
地铁15号线(俸伯-清华东路西口),12,望京,116.476025,40.004254
地铁15号线(俸伯-清华东路西口),13,望京西,116.45743,40.001802
地铁15号线(俸伯-清华东路西口),14,关庄,116.437889,40.007136
地铁15号线(俸伯-清华东路西口),15,大屯路东,116.425241,40.009115
地铁15号线(俸伯-清华东路西口),16,安立路,116.414285,40.008946
地铁15号线(俸伯-清华东路西口),17,奥林匹克公园,116.398132,40.008511
地铁15号线(俸伯-清华东路西口),18,北沙滩,116.375561,40.007538
地铁15号线(俸伯-清华东路西口),19,六道口,116.359309,40.006718
地铁15号线(俸伯-清华东路西口),20,清华东路西口,116.345527,40.0063
地铁16号线(西苑-北安河),1,西苑,116.299032,40.004738
地铁16号线(西苑-北安河),2,农大南路,116.288702,40.027823
地铁16号线(西苑-北安河),3,马连洼,116.279261,40.038769
地铁16号线(西苑-北安河),4,西北旺,116.264078,40.055297
地铁16号线(西苑-北安河),5,永丰南,116.254611,40.071669
地铁16号线(西苑-北安河),6,永丰,116.244766,40.077644
地铁16号线(西苑-北安河),7,屯佃,116.222442,40.074106
地铁16号线(西苑-北安河),8,稻香湖路,116.194753,40.074788
地铁16号线(西苑-北安河),9,温阳路,116.167825,40.074892
地铁16号线(西苑-北安河),10,北安河,116.136825,40.073863
地铁16号线(北安河-西苑),1,北安河,116.136825,40.073863
地铁16号线(北安河-西苑),2,温阳路,116.167825,40.074892
地铁16号线(北安河-西苑),3,稻香湖路,116.194753,40.074788
地铁16号线(北安河-西苑),4,屯佃,116.222442,40.074106
地铁16号线(北安河-西苑),5,永丰,116.244766,40.077644
地铁16号线(北安河-西苑),6,永丰南,116.254611,40.071669
地铁16号线(北安河-西苑),7,西北旺,116.264078,40.055297
地铁16号线(北安河-西苑),8,马连洼,116.279261,40.038769
地铁16号线(北安河-西苑),9,农大南路,116.288702,40.027823
地铁16号线(北安河-西苑),10,西苑,116.299032,40.004738
八通线(四惠-土桥),1,四惠,116.501972,39.914826
八通线(四惠-土桥),2,四惠东,116.522297,39.914917
八通线(四惠-土桥),3,高碑店,116.538,39.915798
八通线(四惠-土桥),4,传媒大学,116.561375,39.915197
八通线(四惠-土桥),5,双桥,116.583332,39.915885
八通线(四惠-土桥),6,管庄,116.605782,39.914907
八通线(四惠-土桥),7,八里桥,116.625141,39.912218
八通线(四惠-土桥),8,通州北苑,116.64361,39.910064
八通线(四惠-土桥),9,果园,116.653044,39.89966
八通线(四惠-土桥),10,九棵树,116.663922,39.896462
八通线(四惠-土桥),11,梨园,116.675218,39.889716
八通线(四惠-土桥),12,临河里,116.685467,39.881239
八通线(四惠-土桥),13,土桥,116.69298,39.877629
八通线(土桥-四惠),1,土桥,116.69298,39.877629
八通线(土桥-四惠),2,临河里,116.685467,39.881239
八通线(土桥-四惠),3,梨园,116.675218,39.889716
八通线(土桥-四惠),4,九棵树,116.663922,39.896462
八通线(土桥-四惠),5,果园,116.653044,39.89966
八通线(土桥-四惠),6,通州北苑,116.64361,39.910064
八通线(土桥-四惠),7,八里桥,116.625141,39.912218
八通线(土桥-四惠),8,管庄,116.605782,39.914907
八通线(土桥-四惠),9,双桥,116.583332,39.915885
八通线(土桥-四惠),10,传媒大学,116.561375,39.915197
八通线(土桥-四惠),11,高碑店,116.538,39.915798
八通线(土桥-四惠),12,四惠东,116.522297,39.914917
八通线(土桥-四惠),13,四惠,116.501972,39.914826
地铁昌平线(昌平西山口-西二旗),1,昌平西山口,116.202226,40.250294
地铁昌平线(昌平西山口-西二旗),2,十三陵景区,116.214346,40.245742
地铁昌平线(昌平西山口-西二旗),3,昌平,116.240088,40.226351
地铁昌平线(昌平西山口-西二旗),4,昌平东关,116.268533,40.227946
地铁昌平线(昌平西山口-西二旗),5,北邵洼,116.287975,40.228114
地铁昌平线(昌平西山口-西二旗),6,南邵,116.293505,40.21343
地铁昌平线(昌平西山口-西二旗),7,沙河高教园,116.286757,40.171012
地铁昌平线(昌平西山口-西二旗),8,沙河,116.295058,40.154693
地铁昌平线(昌平西山口-西二旗),9,巩华城,116.300434,40.137318
地铁昌平线(昌平西山口-西二旗),10,朱辛庄,116.320087,40.110331
地铁昌平线(昌平西山口-西二旗),11,生命科学园,116.30055,40.100975
地铁昌平线(昌平西山口-西二旗),12,西二旗,116.312578,40.058908
地铁昌平线(西二旗-昌平西山口),1,西二旗,116.312578,40.058908
地铁昌平线(西二旗-昌平西山口),2,生命科学园,116.30055,40.100975
地铁昌平线(西二旗-昌平西山口),3,朱辛庄,116.320087,40.110331
地铁昌平线(西二旗-昌平西山口),4,巩华城,116.300434,40.137318
地铁昌平线(西二旗-昌平西山口),5,沙河,116.295058,40.154693
地铁昌平线(西二旗-昌平西山口),6,沙河高教园,116.286757,40.171012
地铁昌平线(西二旗-昌平西山口),7,南邵,116.293505,40.21343
地铁昌平线(西二旗-昌平西山口),8,北邵洼,116.287975,40.228114
地铁昌平线(西二旗-昌平西山口),9,昌平东关,116.268533,40.227946
地铁昌平线(西二旗-昌平西山口),10,昌平,116.240088,40.226351
地铁昌平线(西二旗-昌平西山口),11,十三陵景区,116.214346,40.245742
地铁昌平线(西二旗-昌平西山口),12,昌平西山口,116.202226,40.250294
亦庄线(宋家庄-次渠),1,宋家庄,116.434914,39.851941
亦庄线(宋家庄-次渠),2,肖村,116.455024,39.839926
亦庄线(宋家庄-次渠),3,小红门,116.465808,39.83399
亦庄线(宋家庄-次渠),4,旧宫,116.467432,39.812543
亦庄线(宋家庄-次渠),5,亦庄桥,116.486851,39.808826
亦庄线(宋家庄-次渠),6,亦庄文化园,116.49701,39.812839
亦庄线(宋家庄-次渠),7,万源街,116.511928,39.809251
亦庄线(宋家庄-次渠),8,荣京东街,116.519744,39.799616
亦庄线(宋家庄-次渠),9,荣昌东街,116.528038,39.789194
亦庄线(宋家庄-次渠),10,同济南路,116.546383,39.779147
亦庄线(宋家庄-次渠),11,经海路,116.568912,39.789493
亦庄线(宋家庄-次渠),12,次渠南,116.587934,39.800804
亦庄线(宋家庄-次渠),13,次渠,116.597911,39.809191
亦庄线(次渠-宋家庄),1,次渠,116.597911,39.809191
亦庄线(次渠-宋家庄),2,次渠南,116.587934,39.800804
亦庄线(次渠-宋家庄),3,经海路,116.568912,39.789493
亦庄线(次渠-宋家庄),4,同济南路,116.546383,39.779147
亦庄线(次渠-宋家庄),5,荣昌东街,116.528038,39.789194
亦庄线(次渠-宋家庄),6,荣京东街,116.519744,39.799616
亦庄线(次渠-宋家庄),7,万源街,116.511928,39.809251
亦庄线(次渠-宋家庄),8,亦庄文化园,116.49701,39.812839
亦庄线(次渠-宋家庄),9,亦庄桥,116.486851,39.808826
亦庄线(次渠-宋家庄),10,旧宫,116.467432,39.812543
亦庄线(次渠-宋家庄),11,小红门,116.465808,39.83399
亦庄线(次渠-宋家庄),12,肖村,116.455024,39.839926
亦庄线(次渠-宋家庄),13,宋家庄,116.434914,39.851941
房山线(郭公庄-阎村东),1,郭公庄,116.308567,39.820764
房山线(郭公庄-阎村东),2,大葆台,116.298159,39.814112
房山线(郭公庄-阎村东),3,稻田,116.225429,39.800509
房山线(郭公庄-阎村东),4,长阳,116.219263,39.769411
房山线(郭公庄-阎村东),5,篱笆房,116.195928,39.766697
房山线(郭公庄-阎村东),6,广阳城,116.191395,39.754016
房山线(郭公庄-阎村东),7,良乡大学城北,116.189861,39.736109
房山线(郭公庄-阎村东),8,良乡大学城,116.182872,39.729499
房山线(郭公庄-阎村东),9,良乡大学城西,116.162684,39.7296
房山线(郭公庄-阎村东),10,良乡南关,116.147255,39.72947
房山线(郭公庄-阎村东),11,苏庄,116.131898,39.729197
房山线(郭公庄-阎村东),12,阎村东,116.107001,39.73465
房山线(阎村东-郭公庄),1,阎村东,116.107001,39.73465
房山线(阎村东-郭公庄),2,苏庄,116.131898,39.729197
房山线(阎村东-郭公庄),3,良乡南关,116.147255,39.72947
房山线(阎村东-郭公庄),4,良乡大学城西,116.162684,39.7296
房山线(阎村东-郭公庄),5,良乡大学城,116.182872,39.729499
房山线(阎村东-郭公庄),6,良乡大学城北,116.189861,39.736109
房山线(阎村东-郭公庄),7,广阳城,116.191395,39.754016
房山线(阎村东-郭公庄),8,篱笆房,116.195928,39.766697
房山线(阎村东-郭公庄),9,长阳,116.219263,39.769411
房山线(阎村东-郭公庄),10,稻田,116.225429,39.800509
房山线(阎村东-郭公庄),11,大葆台,116.298159,39.814112
房山线(阎村东-郭公庄),12,郭公庄,116.308567,39.820764
地铁s1线(石厂-金安桥),1,石厂,116.106975,39.895137
地铁s1线(石厂-金安桥),2,小园,116.121303,39.896146
地铁s1线(石厂-金安桥),3,栗园庄,116.129827,39.901771
地铁s1线(石厂-金安桥),4,上岸,116.128714,39.911139
地铁s1线(石厂-金安桥),5,桥户营,116.132271,39.918355
地铁s1线(石厂-金安桥),6,四道桥,116.140356,39.922119
地铁s1线(石厂-金安桥),7,金安桥,116.169398,39.930086
地铁s1线(金安桥-石厂),1,金安桥,116.169398,39.930086
地铁s1线(金安桥-石厂),2,四道桥,116.140356,39.922119
地铁s1线(金安桥-石厂),3,桥户营,116.132271,39.918355
地铁s1线(金安桥-石厂),4,上岸,116.128714,39.911139
地铁s1线(金安桥-石厂),5,栗园庄,116.129827,39.901771
地铁s1线(金安桥-石厂),6,小园,116.121303,39.896146
地铁s1线(金安桥-石厂),7,石厂,116.106975,39.895137
机场线(东直门-东直门),1,东直门,116.442359,39.947697
机场线(东直门-东直门),2,三元桥,116.463716,39.96734
机场线(东直门-东直门),3,T3航站楼,116.621643,40.058887
机场线(东直门-东直门),4,T2航站楼,116.599563,40.085493
机场线(东直门-东直门),5,三元桥,116.463716,39.96734
机场线(东直门-东直门),6,东直门,116.442359,39.947697
地铁燕房线(阎村东-燕山),1,阎村东,116.107002,39.734705
地铁燕房线(阎村东-燕山),2,紫草坞,116.093276,39.730266
地铁燕房线(阎村东-燕山),3,阎村,116.086807,39.722483
地铁燕房线(阎村东-燕山),4,星城,116.067772,39.719734
地铁燕房线(阎村东-燕山),5,大石河东,116.046084,39.716115
地铁燕房线(阎村东-燕山),6,马各庄,116.023054,39.711154
地铁燕房线(阎村东-燕山),7,饶乐府,116.012607,39.707343
地铁燕房线(阎村东-燕山),8,房山城关,115.996258,39.711685
地铁燕房线(阎村东-燕山),9,燕山,115.980152,39.725203
地铁燕房线(燕山-阎村东),1,燕山,115.980152,39.725203
地铁燕房线(燕山-阎村东),2,房山城关,115.996258,39.711685
地铁燕房线(燕山-阎村东),3,饶乐府,116.012607,39.707343
地铁燕房线(燕山-阎村东),4,马各庄,116.023054,39.711154
地铁燕房线(燕山-阎村东),5,大石河东,116.046084,39.716115
地铁燕房线(燕山-阎村东),6,星城,116.067772,39.719734
地铁燕房线(燕山-阎村东),7,阎村,116.086807,39.722483
地铁燕房线(燕山-阎村东),8,紫草坞,116.093276,39.730266
地铁燕房线(燕山-阎村东),9,阎村东,116.107002,39.734705
西郊线(香山-巴沟),1,香山,116.211114,39.999821
西郊线(香山-巴沟),2,植物园,116.221373,39.999254
西郊线(香山-巴沟),3,万安,116.238603,39.989737
西郊线(香山-巴沟),4,茶棚,116.25461,39.988011
西郊线(香山-巴沟),5,颐和园西门,116.269675,39.991999
西郊线(香山-巴沟),6,巴沟,116.298179,39.980678
西郊线(巴沟-香山),1,巴沟,116.298179,39.980678
西郊线(巴沟-香山),2,颐和园西门,116.269675,39.991999
西郊线(巴沟-香山),3,茶棚,116.25461,39.988011
西郊线(巴沟-香山),4,万安,116.238603,39.989737
西郊线(巴沟-香山),5,植物园,116.221373,39.999254
西郊线(巴沟-香山),6,香山,116.211114,39.999821
